<?xml version="1.0" encoding="UTF-8"?>
<beans xmlns="http://www.springframework.org/schema/beans"
	xmlns:context="http://www.springframework.org/schema/context"
	xmlns:mvc="http://www.springframework.org/schema/mvc" 
	xmlns:xsi="http://www.w3.org/2001/XMLSchema-instance"
	xmlns:tx="http://www.springframework.org/schema/tx"
	xsi:schemaLocation="
        http://www.springframework.org/schema/beans     
        http://www.springframework.org/schema/beans/spring-beans-3.0.xsd
        http://www.springframework.org/schema/context 
        http://www.springframework.org/schema/context/spring-context-3.0.xsd
        http://www.springframework.org/schema/mvc
        http://www.springframework.org/schema/mvc/spring-mvc-3.0.xsd
        http://www.springframework.org/schema/tx 
        http://www.springframework.org/schema/tx/spring-tx-3.2.xsd">
      
<bean id="prod" class="com.cg.DemoOneSpring.dto.Product" autowire="byType">
<property name="id" value="123"></property>
<property name="name" value="Sony"></property>
<property name="price" value="12456.8"></property>
<property name="Description" value="good"></property>
 
  <!-- <property name="item">
 
  <list>
    <ref bean="one"/>
    <ref bean="two"/>
    <ref bean="three"/>
  
</list>
</property insted of this we are using autowire in bean >   -->
</bean>


   <bean id="one" class="com.cg.DemoOneSpring.dto.Item">

      <!--  <constructor-arg name="id" value="11111"/>   
      <constructor-arg name="shopname" value="capg"/>  -->
<property name="id" value="54563">     </property>
<property name="shopname" value="capg"> </property> 
</bean>


   <bean id="two" class="com.cg.DemoOneSpring.dto.Item">
   <property name="id" value="5555">  </property>
   <property name="shopname" value="capg"> </property> 

</bean>

   <bean id="three" class="com.cg.DemoOneSpring.dto.Item">
   <property name="id" value="59999">  </property>
   <property name="shopname" value="capg"> </property> 

</bean>





	    </beans>